<annotation>
	<folder>pic</folder>
	<filename>p63.jpg</filename>
	<path>C:/Users/eplan/AppData/Local/Programs/Python/Python37-32/pic/p63.jpg</path>
	<source>
		<database>Unknown</database>
	</source>
	<size>
		<width>640</width>
		<height>480</height>
		<depth>3</depth>
	</size>
	<segmented>0</segmented>
	<object>
		<name>tablet</name>
		<pose>Unspecified</pose>
		<truncated>0</truncated>
		<difficult>0</difficult>
		<bndbox>
			<xmin>239</xmin>
			<ymin>153</ymin>
			<xmax>264</xmax>
			<ymax>179</ymax>
		</bndbox>
	</object>
	<object>
		<name>tablet</name>
		<pose>Unspecified</pose>
		<truncated>0</truncated>
		<difficult>0</difficult>
		<bndbox>
			<xmin>342</xmin>
			<ymin>157</ymin>
			<xmax>367</xmax>
			<ymax>185</ymax>
		</bndbox>
	</object>
	<object>
		<name>tablet</name>
		<pose>Unspecified</pose>
		<truncated>0</truncated>
		<difficult>0</difficult>
		<bndbox>
			<xmin>406</xmin>
			<ymin>163</ymin>
			<xmax>430</xmax>
			<ymax>192</ymax>
		</bndbox>
	</object>
	<object>
		<name>tablet</name>
		<pose>Unspecified</pose>
		<truncated>0</truncated>
		<difficult>0</difficult>
		<bndbox>
			<xmin>456</xmin>
			<ymin>227</ymin>
			<xmax>483</xmax>
			<ymax>253</ymax>
		</bndbox>
	</object>
	<object>
		<name>tablet</name>
		<pose>Unspecified</pose>
		<truncated>0</truncated>
		<difficult>0</difficult>
		<bndbox>
			<xmin>388</xmin>
			<ymin>225</ymin>
			<xmax>414</xmax>
			<ymax>253</ymax>
		</bndbox>
	</object>
	<object>
		<name>tablet</name>
		<pose>Unspecified</pose>
		<truncated>0</truncated>
		<difficult>0</difficult>
		<bndbox>
			<xmin>328</xmin>
			<ymin>224</ymin>
			<xmax>354</xmax>
			<ymax>248</ymax>
		</bndbox>
	</object>
	<object>
		<name>tablet</name>
		<pose>Unspecified</pose>
		<truncated>0</truncated>
		<difficult>0</difficult>
		<bndbox>
			<xmin>277</xmin>
			<ymin>219</ymin>
			<xmax>302</xmax>
			<ymax>242</ymax>
		</bndbox>
	</object>
	<object>
		<name>tablet</name>
		<pose>Unspecified</pose>
		<truncated>0</truncated>
		<difficult>0</difficult>
		<bndbox>
			<xmin>274</xmin>
			<ymin>276</ymin>
			<xmax>304</xmax>
			<ymax>299</ymax>
		</bndbox>
	</object>
	<object>
		<name>tablet</name>
		<pose>Unspecified</pose>
		<truncated>0</truncated>
		<difficult>0</difficult>
		<bndbox>
			<xmin>327</xmin>
			<ymin>282</ymin>
			<xmax>352</xmax>
			<ymax>306</ymax>
		</bndbox>
	</object>
	<object>
		<name>tablet</name>
		<pose>Unspecified</pose>
		<truncated>0</truncated>
		<difficult>0</difficult>
		<bndbox>
			<xmin>384</xmin>
			<ymin>281</ymin>
			<xmax>409</xmax>
			<ymax>311</ymax>
		</bndbox>
	</object>
	<object>
		<name>tablet</name>
		<pose>Unspecified</pose>
		<truncated>0</truncated>
		<difficult>0</difficult>
		<bndbox>
			<xmin>454</xmin>
			<ymin>276</ymin>
			<xmax>485</xmax>
			<ymax>299</ymax>
		</bndbox>
	</object>
	<object>
		<name>tablet</name>
		<pose>Unspecified</pose>
		<truncated>0</truncated>
		<difficult>0</difficult>
		<bndbox>
			<xmin>265</xmin>
			<ymin>347</ymin>
			<xmax>291</xmax>
			<ymax>370</ymax>
		</bndbox>
	</object>
	<object>
		<name>tablet</name>
		<pose>Unspecified</pose>
		<truncated>0</truncated>
		<difficult>0</difficult>
		<bndbox>
			<xmin>324</xmin>
			<ymin>347</ymin>
			<xmax>347</xmax>
			<ymax>370</ymax>
		</bndbox>
	</object>
	<object>
		<name>tablet</name>
		<pose>Unspecified</pose>
		<truncated>0</truncated>
		<difficult>0</difficult>
		<bndbox>
			<xmin>385</xmin>
			<ymin>356</ymin>
			<xmax>409</xmax>
			<ymax>382</ymax>
		</bndbox>
	</object>
	<object>
		<name>tablet</name>
		<pose>Unspecified</pose>
		<truncated>0</truncated>
		<difficult>0</difficult>
		<bndbox>
			<xmin>446</xmin>
			<ymin>360</ymin>
			<xmax>470</xmax>
			<ymax>382</ymax>
		</bndbox>
	</object>
	<object>
		<name>tablet</name>
		<pose>Unspecified</pose>
		<truncated>0</truncated>
		<difficult>0</difficult>
		<bndbox>
			<xmin>272</xmin>
			<ymin>392</ymin>
			<xmax>296</xmax>
			<ymax>420</ymax>
		</bndbox>
	</object>
	<object>
		<name>tablet</name>
		<pose>Unspecified</pose>
		<truncated>0</truncated>
		<difficult>0</difficult>
		<bndbox>
			<xmin>325</xmin>
			<ymin>395</ymin>
			<xmax>348</xmax>
			<ymax>419</ymax>
		</bndbox>
	</object>
	<object>
		<name>tablet</name>
		<pose>Unspecified</pose>
		<truncated>0</truncated>
		<difficult>0</difficult>
		<bndbox>
			<xmin>380</xmin>
			<ymin>408</ymin>
			<xmax>407</xmax>
			<ymax>433</ymax>
		</bndbox>
	</object>
	<object>
		<name>tablet</name>
		<pose>Unspecified</pose>
		<truncated>0</truncated>
		<difficult>0</difficult>
		<bndbox>
			<xmin>449</xmin>
			<ymin>417</ymin>
			<xmax>471</xmax>
			<ymax>437</ymax>
		</bndbox>
	</object>
</annotation>
